{"cameraMode":{"drawMode":0,"name":"Shaded","section":"Shading Mode"},"sceneLighting":true,"audioPlay":false,"sceneViewState":{"m_AlwaysRefresh":false,"showFog":true,"showSkybox":true,"showFlares":true,"showImageEffects":true,"showParticleSystems":true,"showVisualEffectGraphs":true,"m_FxEnabled":true},"in2DMode":false,"pivot":{"x":13.676749229431153,"y":15.497604370117188,"z":-22.457923889160158},"rotation":{"x":0.17553232610225678,"y":-0.25943368673324587,"z":0.04801357910037041,"w":0.9484615325927734},"size":14.732418060302735,"orthographic":true}